Sr. No.,Date(dd/mm/yyyy),Startup Name,Industry Sector,City / Location,Investor 1,Investor 2,Investor 3,Investment Type,Amount (in USD),Founding Date,Remarks
1,23-04-2015,happay,Business Financial Tools,Bengaluru,AngelPrime,,,Seed,500000,2012,
2,29-04-2015,Tradelab,Investments/Wealth Management,Bengaluru,Rainmatter,,,Seed,400000,2015,
3,05-08-2015,Grex,Investments/Wealth Management,Pune,Kunal Bajaj, Chandru Badrinarayanan,,Seed,650000,2015,
4,11-08-2015,Infogain,Lending/Credit,New Delhi / US,ChrysCapital,,,Private Equity,63000000,1990,
5,12-08-2015,OneAssist,Lending/Credit,Mumbai,Sequoia India, Lightspeed Ventures,,Private Equity,7500000,2011,Series B
6,13-08-2015,IFMR Holdings,Lending/Credit,Chennai,Accion Venture Labs, LeapFrog Investments, Lok Capital,Private Equity,25000000,2008,Series B
7,09-12-2015,Aye Finance,Lending/Credit,New Delhi,SAIF Partners, Accion,,Private Equity,3000000,2014,Series B
8,10-12-2015,Chillr,Payments/Wallets,Mumbai,Sequoia India, Blume Ventures, Uniqorn Ventures,Private Equity,70000000,2014,Series A
9,02-02-2015,SmartPocket,Lending/Credit,Bengaluru,Sol Primero, Rajiv Mehta,,Seed,250000,2014,For mobile app
10,06-02-2015,FreeCharge,Payments/Wallets,Gurugram,Valiant Capital, Tybourne Capital, Sequoia Capital,Private Equity,80000000,2011,Series C
11,11-02-2015,Capital Float,Lending/Credit,Bengaluru,SAIF Partners, Sequoia Capital, Aspada,Private Equity,13000000,2013,Series A
12,13-02-2015,Itzcash,Payments/Wallets,Mumbai,Ashok Goel,,,Private Equity,16500000,2006,Promoter Commitment
13,27-02-2015,Momoe,Payments/Wallets,Bengaluru,IDG Ventures India, Jungle Ventures, India Quotient.,Seed,1200000,2014,
14,06-01-2015,Tookitaki,Other Specialized Fintech,Singapore,Jungle Ventures, Redbright Partners, Blume Ventures,Private Equity,1000000,2014,
15,15/01.2015,Wishberry,Other Specialized Fintech,Mumbai,Rajan Anandan, Shankar Mahadevan, Deep Kalra & Others,Seed,650000,2012,
16,02-07-2015,BankBazaar,Lending/Credit,Chennai,Amazon, Fidelity Growth Partners, Mousse Partners,Private Equity,60000000,2008,Series C(More here)
17,08-07-2015,Lendingkart,Lending/Credit,Ahmedabad,Saama Capital, Mayfield, Ashvin Chadha,Private Equity,10000000,2014,Series A
18,20-07-2015,Innoviti,Payments/Wallets,Bengaluru,Catamaran Ventures, New India Investment Corporation,,Private Equity,4850000,2002,Series A
19,22-07-2015,deGustibus,Other Specialized Fintech,Mumbai,India Value Fund Advisors,,,Private Equity,30000000,1996,Late Stage
20,30-07-2015,Pragmatix,Investments/Wealth Management,Mumbai,SIDBI Venture Capital Ltd,,,Private Equity,2400000,2012,Series A
21,11-06-2015,Faircent.com,Lending/Credit,Gurugram,M&S Partners Pte. Ltd,,,Seed,250000,2013,Pre-Series A
22,19-06-2015,FundsIndia.com,Investments/Wealth Management,Chennai,Faering Capital, Foundation Capital, Inventus Capital Partners,Private Equity,11000000,2009,Series C
23,20-06-2015,Tracxn,Other Specialized Fintech,Bengaluru,Sachin Bansal, Bunny Bansal & other investors,,Private Equity,10000000,2013,Series A
24,25-06-2015,Fusion Microfinance,Lending/Credit,New Delhi,Development finance institution (Belgian Investment Company), Oikocredit,,Private Equity,8600000,2010,Series C
25,26-06-2015,CreditMantri,Lending/Credit,Chennai,IDG Ventures India, Elevar Equity, Accion Venture Lab,Private Equity,2500000,2012,Series A
26,11-03-2015,ChargeBee,Business Financial Tools,Chennai,Tiger Global, Accel Partners,,Private Equity,5000000,2011,Series B
27,23-03-2015,RazorPay,Payments/Wallets,Mumbai,Y Combinator,,,Seed,120000,2014,
28,25-03-2015,Artoo,Lending/Credit,Bengaluru,Accion Venture Labs, Rianta Capital,,Private Equity,500000,2010,Series A
29,25-03-2015,Fxkart.com,Other Specialized Fintech,Bengaluru,Dr Mushtaq Shah, Dr Faraz Naqvi,,Seed,2000000,2014,
30,30-03-2015,Arohan Financial Services,Lending/Credit,Kolkata,Tano Capital,,,Private Equity,10000000,2006,
31,30-03-2015,BillDesk,Payments/Wallets,Mumbai,TA Associates,,,Private Equity,75000000,2000,Incremental Capital
32,01-05-2015,Termsheet,Investments/Wealth Management,Chennai,Anand Vijay, Nipun Dureja, Satyajit Heeralal,Seed,100000,2015,
33,05-05-2015,Fintellix,Financial Infrastructure/BaaS,Bengaluru,IDG Ventures India, Sequoia Capital,,Private Equity,15000000,2008,Series C
34,03-11-2015,Pokkt,Other Specialized Fintech,Mumbai,Segnel Venture, Shinji Kimura, Sundar Chanrai,Private Equity,5000000,2012,Series B
35,09-10-2015,Cloud Lending,Lending/Credit,Bengaluru,SF Capital Group,,,Private Equity,8000000,2012,Series A
36,19-10-2015,Citrus Payment,Payments/Wallets,Mumbai,Sequoia India, Ascent Capital, eContext Asia,Private Equity,25000000,2011,Series C
37,26-10-2015,Razorpay,Payments/Wallets,Jaipur,Tiger Global, Matrix Partners,,Private Equity,9000000,2014,Series A
38,28-10-2015,ORIGA Leasing,Lending/Credit,Mumbai,ah! Ventures, 500 Startups & Other HNIs,,Seed,1100000,2015,
39,01-09-2015,TOFlo,Lending/Credit,Mumbai,Tania Johny Palathinkal,,,Seed,100000,2016,
40,03-09-2015,Vistaar Finance,Lending/Credit,Bengaluru,Westbridge Capital, Omidyar Network, Elevar Equity,Private Equity,40000000,2010,
41,21-09-2015,Neotrade Analytics,Other Specialized Fintech,Bengaluru,Rainmatter,,,Seed,235000,2013,
42,22-09-2015,Bestdealfinance,Lending/Credit,Mumbai,Kalaari Capital, YourNest Angel Fund,,Private Equity,3000000,2014,Series A
43,22-09-2015,LogiNext,Other Specialized Fintech,Mumbai,Paytm,,,Private Equity,10000000,2015,Series A
44,15-02-2016,Buddy,Lending/Credit,Bengaluru,Blume Ventures,  Tracxn Labs,,Seed,500000,2014,
45,19-01-2016,Villgro,Investments/Wealth Management,Chennai,Lemelson Foundation, Michael & Susan Dell Foundation,,Private Equity,3500000,2001,
46,04-07-2016,NeoGrowth,Lending/Credit,Mumbai,IIFL Wealth, Omidyar Network, Khosla Impact,Private Equity,16000000,2011,
47,29-03-2016,Veritas Finance,Lending/Credit,Chennai,Sarva Capital,,,Private Equity,4700000,2015,
48,18-11-2016,GramCover,Insurance,New Delhi,Omnivore Capital,,,Seed,1000000,2016,
49,14-10-2016,ISFC,Lending/Credit,Hyderabad,Gray Matters Capital,,,Private Equity,6000000,2008,
50,20-12-2017,Spandana Sphoorty,Lending/Credit,Hyderabad,Kedaraa Capital, Ontario Teachers',,Private Equity,19500000,1998,
51,25-05-2017,Aye Finance,Lending/Credit,Gurugram,BlueOrchard Finance,,,Private Equity,8000000,2017,
52,02-11-2017,Prest Loans,Lending/Credit,New Delhi,Manish Poddar, Arun Garg, Parmeshwar Sharma,Seed,570000,2017,
53,08-11-2017,Fisdom,Investments/Wealth Management,Bengaluru,Quona Capital,,,Private Equity,3000000,2015,
54,21-11-2017,Epiq Capital,Investments/Wealth Management,Mumbai,Global Institutional Investors,,,Private Equity,200000000,2019,
55,24-11-2017,IDG Ventures,Investments/Wealth Management,Bengaluru,Uniliver Ventures,,,Private Equity,10000000,2006,
56,27-11-2017,Edelweiss,Investments/Wealth Management,Mumbai,Undisclosed,,,Private Equity,270000000,1995,
57,21-09-2017,SaveBC,Lending/Credit,Gaya,Incofin,,,Private Equity,6000000,2015,
58,04-04-2018,Varthana,Lending/Credit,Bengaluru,ChrysCapital, Existing investors, Elevar Equity,Private Equity,55000000,2013,
59,09-04-2018,Kaleidofin,Other Specialized Fintech,Chennai,Omidyar Network,Blume Ventures,Professor Shlomo Ben-Haim,Seed / Angel Funding,2800000,2017,
60,12-04-2018,AyeFinance,Lending/Credit,Gurugram,BlueOrchard Finance, Hinduja Leyland Finance,IntelleGrow,Debt Funding,"46,000,00",2014,
61,13-04-2018,mintifi,Lending/Credit,Mumbai,Lok Capital,,,Seed / Angel Funding,2000000,2017,
62,23-04-2018,Mihuru,Lending/Credit,Mumbai, 100X.,,,Seed / Angel Funding,150000,2016,
63,23-04-2018,Capital Float,Lending/Credit,Bengaluru,Amazon,,,Private Equity,22000000,2013,
64,30-04-2018,MyLoanCare,Lending/Credit,Gurugram,SAR Group,,,Seed / Angel Funding,978000,2013,
65,09-08-2018,Happy EMI,Lending/Credit,Bengaluru,AJ Ventures,Jain International Trade Organisation (JITO),,Seed / Angel Funding,1000000,2016,
66,20-08-2018,Finzy,Lending/Credit,Bengaluru,Sanjay Sunku, Pankaj Gupta, Parag Mehta,Seed / Angel Funding,1000000,2016,
67,26-08-2018,Shubh Loans,Lending/Credit,Bengaluru,Saama Capital, SRI Capital, Beenext,Private Equity,4200000,2016,
68,12-02-2018,Lendingkart,Lending/Credit,Bengaluru,Fullerton Financial Holdings,,,Private Equity,87000000,2014,
69,16-02-2018,happay,Business Financial Tools,Bengaluru,Sequoia India,Jerry Yang,,Seed / Angel Funding,250000,2012,
70,16-02-2018,Fincash,Investments/Wealth Management,Mumbai,Mohammed Khan, Sameer Narayan & Others,,Seed / Angel Funding,150000,2016,
71,19-02-2018,AyeFinance,Lending/Credit,Gurugram,Hinduja Leyland Finance, IntelleGrow,,Private Equity,3800000,2014,
72,04-01-2018,EarlySalary,Lending/Credit,Pune,Eight Roads Ventures India,,,Private Equity,15700000,2015,
73,09-01-2018,Lendingkart,Lending/Credit,Ahmedabad,Nederlandse Financierings-Maatschappij voor Ontwikkelingslanden N.V.,,,Debt Funding,4700000,2014,
74,10-01-2018,Samunnati,Lending/Credit,Chennai,Responsibility Investment, Elevar Equity,Accel Partners,Private Equity,23500000,2014,
75,15-01-2018,pi Ventures,Investments/Wealth Management,Bengaluru,Sunil Kant Munjal, Hero Electronix’s corporate financing arm, Electronic Development Fund,Private Equity,25000000,2016,
76,22-01-2018,OptaCredit,Lending/Credit,Chennai,DMI Finance,,,Private Equity,4000000,2017,
77,24-01-2018,NeoGrowth Credit,Lending/Credit,Mumbai,LeapFrog Investments, Aspada Investment, Quona Capital,Private Equity,47000000,2011,
78,24-01-2018,Aye Finance,Lending/Credit,Gurugram,IFMR Capital,,,Term Loan,6240000,2014,
79,10-07-2018,Kinara Capital,Lending/Credit,Bengaluru,Responsibility Investment,,,Private Equity,5000000,2011,
80,17-07-2018,Ofbusiness,Lending/Credit,Gurugram,Creation Investments, Falcon Edge, Matrix Partners India,Private Equity,29000000,2016,
81,25-07-2018,Black Soil,Investments/Wealth Management,Mumbai,Allcargo Logistics, Navneet Education,Mahavir Agency,Private Equity,17000000,2016,
82,26-07-2018,TheCapitalNet,Investments/Wealth Management,Hyderabad,Lindwall Family Investments LLC (LFI),,,Private Equity,500000,2010,
83,31-07-2018,Five Star Group,Lending/Credit,Chennai,TPG Capital Asia, Norwest Venture Partners, Sequoia Capital & Matrix Partners,Private Equity,100000000,1984,
84,01-06-2018,CoinTribe,Lending/Credit,Gurugram,Sabre Partners, Puneet Dalmia & Others,,Private Equity,10000000,2015,
85,07-06-2018,Annapurna Finance,Lending/Credit,Bhubaneswar,Oman India Joint Investment Fund (OIJIF),,,Private Equity,23000000,2009,
86,10-06-2018,AyeFinance,Lending/Credit,Gurugram,CapitalG, SAIF Partners,LGT Impact Ventures,Private Equity,21500000,2014,
87,12-06-2018,Alpha Capital,Investments/Wealth Management,Mumbai,Alpha Capital,,,Private Equity,14800000,2015,
88,13-06-2018,Nivesh,Investments/Wealth Management,Noida,LetsVenture, Rajan Anandan, Basab Pradhan,Seed / Angel Funding,450000,2017,
89,20-06-2018,Drip capital,Lending/Credit,Mumbai,Accel India, Sequoia India, Y Combinator,Private Equity,15000000,2016,
90,25-06-2018,Sqqrl,Investments/Wealth Management,Gurugram,Equanimity Venture Fund,,,Seed / Angel Funding,1000000,2016,
91,28-03-2018,Smartcoin,Lending/Credit,Bengaluru,Accion Venture Labs, Unicorn India Ventures,ISME ACE,Seed / Angel Funding,2000000,2016,
92,02-05-2018,OpenTap,Lending/Credit,Chennai,Undisclosed,,,Seed / Angel Funding,450000,2015,
93,22-05-2018,Vola,Business Financial Tools,Bengaluru,Credika,unnamed angel investors,,Seed / Angel Funding,500000,2016,
94,23-05-2018,Aashiyaan,Lending/Credit,Kolkata,Insistor, Oikocredit,,Seed / Angel Funding,2000000,2016,
95,03-11-2018,Veritas Finance Ltd.,Lending/Credit,Chennai,Norwest Venture Partners, CDC Group,UK’s Development Finance Institution,Series D,27799000,2015,
96,23-11-2018,Signzy,Financial Infrastructure/BaaS,Mumbai/Bengaluru,Stellaris Venture Partners,Kalaari Capital, Rajan Anandan,Series A,3400000,2015,
97,25-11-2018,InCred Finance,Lending/Credit,Mumbai,Paragon Partners, Individual Investors,,Private Equity,42000000,2016,
98,11-09-2018,Upwards,Lending/Credit,Mumbai,Shunwei Capital,Quotient, Mayfield & Others,Private Equity,5000000,2016,
99,12-09-2018,Kissht,Lending/Credit,Mumbai,Vertex Ventures Southeast Asia (SEA), Fosun RZ Capital, Ventureast,Private Equity,30000000,2015,
100,16-04-2019,Kuvera,Investments/Wealth Management,Bengaluru,Eight Roads,,,Series A,45000000,2016,
101,11-04-2019,Setu,Financial Infrastructure/BaaS,Bengaluru,Lightspeed India Partners,,,Seed,3500000,2018,
102,01-08-2019,Progcap,Lending/Credit,New Delhi,Sequoia India,,,Series A,5000000,2017,
103,01-08-2019,Alteria Capital,Investments/Wealth Management,Mumbai,Azim Premji, Binny Bansal,,Single Venture,140000000,2017,
104,23-08-2019,Tala,Lending/Credit,Santa Monica,RPS Ventures,,,Series D,110000000,2011,
105,22-08-2019,INDwealth,Investments/Wealth Management,Gurugram,Tiger Global,,,Venture Round,15000000,2018,
106,16-12-2019,InCred,Lending/Credit,Mumbai,OAKS Asset Management, Investcorp, Paragon Partners,Debt Funding,5900000,2016,
107,04-01-2019,Samunnati Financial Intermediation & Services Pvt. Ltd,Lending/Credit,Chennai,MASSIF,,,Debt Funding,5000000,2014,
108,02-07-2019,RenewBuy,Insurance,Gurugram,Lok Capital, IIFL Wealth,,Series B,19000000,2015,
109,03-06-2019,Avail Finance,Lending/Credit,Bengaluru,Matrix India,,,Series A,9000000,2017,
110,04-06-2019,BharatPe,Payments/Wallets,New Delhi,Insight Partners,,,Series B,75000000,2018,
111,10-06-2019,OkCredit,Business Financial Tools,Haryana,Tiger Global,,,Series A,15500000,2017,
112,06-06-2019,Biz2Credit,Lending/Credit,"New York, United States",Westbridge Capital,,,Series B,52000000,2007,
113,20-11-2019,Aye Finance,Lending/Credit,Gurugram,FinTech,,,Debt Funding,17411265,2014,
114,25-11-2019,Paytm,Payments/Wallets,Noida,Vijay Shekhar Sharma,,,Funding Round,1000000000,2010,
115,05-09-2019,FPL Technologies,Lending/Credit,Pune,Matrix India, Sequoia India,,Maiden Round,4500000,2019,
116,04-09-2019,Cashflo,Business Financial Tools,Mumbai,SAIF Partners,,,Series A,3300000,2018,
117,03-09-2019,Vyapar App,Business Financial Tools,Bengaluru,India Quotient, Axilor Ventures,,Series A,5000000,2016,
118,01-04-2020,NIRA,Lending/Credit,Bengaluru,Undisclosed,,,Pre-series A,2100000,2017,
119,01-04-2020,DMI Group,Lending/Credit,Delhi,NXC Corporation,,,Pre-series A,123000000,2008,
120,01-04-2020,Yap,Financial Infrastructure/BaaS,Chennai,BeeNext,,,Pre-series A,4500000,2017,
121,01-04-2020,Capital Float,Lending/Credit,Bengaluru,Ribbit Capital, SAIF Partners, Sequoia Capital India,Series B,15000000,2013,
122,01-04-2020,Setu,Financial Infrastructure/BaaS,Bengaluru,Lightspeed India Partners, Falcon Edge, Bharat Inclusive Technologies Seed Fund.,,14259000,2018,
123,01-04-2020,BankBazaar,Lending/Credit,Chennai,Amazon, Sequoia, Walden SKT Venture Fund,Series D,3800000,2008,
124,01-04-2020,Capital Float,Lending/Credit,Bengaluru,Amazon, Dinesh J Hinduja,,,4800000,2013,
125,01-04-2020,Amica,Insurance,"Lincoln, RI, USA",Hummingbird Ventures, Bedrock Capital,,Series C,2000000,1907,
126,01-04-2020,Aye Finance,Lending/Credit,Gurugram,Undisclosed,,,Series A,23850000,2014,
127,01-04-2020,Fingpay,Payments/Wallets,Mumbai,IvyCap Ventures,,,Series A,3500000,2016,
128,01-04-2020,Mera Cashier,Business Financial Tools,Noida,Sukhbir Singh, India Accelerator, Boudhik Ventures,Seed,150000,2019,
129,01-08-2020,True Balance,Lending/Credit,Gurugram,Balancehero,,,,"887,000, ",2014,
130,01-08-2020,Avail Finance,Lending/Credit,Bengaluru,Alpha Wave, Matrix Partners,,,11635000,2017,
131,01-08-2020,FPL Technologies,Lending/Credit,Pune,Matrix India, Sequoia Capital India, Hummingbird Ventures,Series A,10000000,2019,
132,01-08-2020,LendingKart,Lending/Credit,Ahmedabad,Fullerton Financial Holdings, Bertelsmann India Investments, Sistema Asia Fund,Series A,16076000,2014,
133,01-08-2020,CityCash,Payments/Wallets,Mumbai,Orios Venture Partners,,,Series D,1000000,2017,
134,01-08-2020,Eduvanz,Lending/Credit,Mumbai,Sequoia India,,,,5000000,2016,
135,01-08-2020,ZipLoan,Lending/Credit,Delhi,Stride Ventures,,,Seed,2000000,2015,
136,01-12-2020,Rupeek,Lending/Credit,Bengaluru,KB Investment, Bertelsmann India Investments,,Pre-series A,45000000,2015,
137,01-12-2020,Moneyboxx Finance,Lending/Credit,New Delhi,BlackSoil, Caspian,,Pre-series A,1000000,2019,
138,01-12-2020,TaxBuddy.com,Other Specialized Fintech,Mumbai,Zenith Global,,,,1000000,2019,
139,01-12-2020,CoinDCX,Other Specialized Fintech,Mumbai,Coinbase Ventures, Polychain,,,10000000,2017,
140,01-12-2020,PhonePe,Payments/Wallets,Andheri,Flipkart, Walmart,,Pre-series A,20000000,2015,
141,01-12-2020,M1xchange,Other Specialized Fintech,Gurugram,BEENEXT, Mayfield Fund,,,4500000,2017,
142,01-12-2020,Fisdom,Investments/Wealth Management,Bengaluru,PayU Finance India, Quona Capital,,Seed,7000000,2015,
143,01-12-2020,PhonePe,Payments/Wallets,New Delhi,Flipkart,,,Seed,700000000,2015,
144,01-12-2020,MobiKwik,Payments/Wallets,Gurugram,Hindustan Media Venture, Nicolas Jarrosson,,,7000000,2009,
145,01-12-2020,ZipLoan,Lending/Credit,New Delhi,Stride Ventures, Matrix Partners India,,,3000000,2015,
146,01-12-2020,Ethereum Push Notification Service,Other Specialized Fintech,Mumbai,Undisclosed,,,Series A,750000,2020,
147,01-12-2020,Info Edge Venture,Investments/Wealth Management,Noida,Lightbox,,,Pre-series C,50000000,1995,
148,01-12-2020,CRED,Lending/Credit,Bengaluru,General Catalyst, Ribbit Capital,,,80000000,2018,
149,01-12-2020,Vistaar Finance,Lending/Credit,Bengaluru,FMO,,,,30000000,2010,
150,01-02-2020,Rupeek,Lending/Credit,Bengaluru,GGV Capital, Bertelsmann India Investments, Binny Bansal,,30000000,2015,
151,01-02-2020,Prayaan Capital,Lending/Credit,Chennai,Accion Venture Labs,,,Pre-series A,1200000,2017,
152,01-02-2020,Innoviti,Payments/Wallets,Bengaluru,FMO,,,,5000000,2002,
153,01-02-2020,Paytm money,Investments/Wealth Management,Bengaluru,One97 Communications,,,,5600000,2010,
154,01-02-2020,Yap,Financial Infrastructure/BaaS,Chennai,Amrish Rau, Kunal Shah, Jitendra Gupta,Series A,1402000,2017,
155,01-02-2020,Nova Credit,Lending/Credit,"San Francisco, USA",Kleiner Perkins, Canapi Ventures, Index Ventures,Series C,50000000,2015,
156,01-02-2020,SuperMoney,Lending/Credit,Mumbai,Unitus Ventures.,,,,1000000,2018,
157,01-02-2020,Fox Capital,Investments/Wealth Management,Jaipur,Institutional Investors,,,,2500000,2019,
158,01-01-2020,BharatPe,Payments/Wallets,Delhi,Coatue Management,,,Series C,100000000,2020,
159,01-01-2020,MoneyTap,Lending/Credit,Bengaluru,Aquiline Technology Growth (ATG), RTP Global, Sequoia India,,70185200,1998,
160,01-01-2020,Mera Cashier,Business Financial Tools,Noida,Amit Singal, Manish Aggarwal,,Series A,250000,1990,
161,01-01-2020,Monech,Other Specialized Fintech,Mumbai,Undisclosed,,,Seed,12700,2020,
162,01-01-2020,Capital Quotient,Investments/Wealth Management,Bengaluru,Undisclosed,,,Seed,600000,2018,
163,01-01-2020,Techbooze,Investments/Wealth Management,New Delhi,Space Capital,,,,15000000,2019,
164,01-01-2020,Satin Creditcare,Lending/Credit,Gurugram,Austrian Bank,,,,15000000,1990,
165,01-01-2020,Wealth Bucket,Investments/Wealth Management,New Delhi,NorthStar, Vinod Khatumal,,Series B,3000000,2020,
166,01-07-2020,Pickright Technologies,Investments/Wealth Management,Bengaluru,Sanjay Mehta, Vikram Pandya, Gaurav Gupta,,175000,2018,
167,01-07-2020,SATYA Microcapital,Lending/Credit,Delhi,BlueOrchard Finance,,,Seed,9600000,2018,
168,01-07-2020,goDutch,Payments/Wallets,Mumbai,Matrix India, Y Combinator, Global Founders Capital,,1700000,2020,
169,01-07-2020,Decentro,Financial Infrastructure/BaaS,Bengaluru,Y Combinator,,,Series C,15500000,2020,
170,01-07-2020,Aye Finance,Lending/Credit,Gurugram,Invest in Vision,,,,16753000,2018,
171,01-07-2020,ChitMonks,Other Specialized Fintech,Hyderabad,Unicorn India Ventures,,,Seed,650000,2018,
172,01-06-2020,Aye Finance,Lending/Credit,Gurugram,Capital G, Alphabet's Independent growth fund,,Seed,27700000,2019,
173,01-06-2020,GoldenPi,Investments/Wealth Management,Bengaluru,Rainmatter,,,,459000,2019,
174,01-06-2020,Jai Kisan,Lending/Credit,Mumbai,Arkam Ventures, Nabventures,,,3937000,2017,
175,01-06-2020,Hapramp,Other Specialized Fintech,Gurugram,Anand Mahindra,,,,1000000,2018,
176,01-06-2020,BankBazaar,Lending/Credit,Chennai,WSV Capital,,,,5967000,2008,
177,01-03-2020,CoinDCX,Other Specialized Fintech,Mumbai,Polychain Capital, Bain Capital Ventures, HDR Group,,3000000,2018,
178,01-03-2020,Vivriti Capital,Lending/Credit,Chennai,LGT Lightstone Aspada,,,Pre-series A,50000000,2017,
179,01-03-2020,Smart Coin,Lending/Credit,Bengaluru,LGT Lightstone Aspada,,,Series A,7000000,2015,
180,01-03-2020,FamPay,Payments/Wallets,Bengaluru,Y Combinator, Venture Highway, Sequoia India,Seed,4700000,2019,
181,01-03-2020,Karbon Card,Lending/Credit,Bengaluru,Kunal Shah, Amrish Rau, Jitendra Gupta,,2000000,2019,
182,01-03-2020,Leap Finance,Lending/Credit,Bengaluru,Sequoia India,,,,5500000,2019,
183,01-03-2020,Chqbook,Lending/Credit,Gurugram,Aavishkaar Capital,,,Series B,5000000,2017,
184,01-03-2020,SMEcorner,Lending/Credit,Mumbai,Paragon Partners,,,Pre-series A,30000000,2014,
185,01-05-2020,Ola Financial Services,Lending/Credit,Bengaluru,Matrix India,,,Series A,27000000,2015,
186,01-05-2020,Xtracap,Lending/Credit,Gurugram,Undisclosed,,,,1000000,2017,
187,01-05-2020,Khatabook,Business Financial Tools,Bengaluru,B Capital Group,,,Series B,60000000,2018,
188,01-05-2020,LendingKart,Lending/Credit,Ahmedabad,Fullerton Financial Holdings, Bertelsmann India Investments, Sistema Asia Fund,Series D,11363000,2014,
189,01-05-2020,Indian School Finance Company,Lending/Credit,Hyderabad,Gray Matters Capital,,,Seed,5271000,2008,
190,01-05-2020,Sindhuja Microcredit,Lending/Credit,Noida,Nordic Microfinance Initiative,,,,8700000,2018,
191,01-05-2020,Mintoak,Payments/Wallets,Mumbai,Pravega Ventures,,,Pre-series A,2000000,2017,
192,01-05-2020,Varthana,Lending/Credit,Bengaluru,ChrysCapital,,,Series D,15000000,2013,
193,01-11-2020,Cashfree,Payments/Wallets,Bengaluru,George Osborne, Smilegate Investment,,Series B,35000000,2015,
194,01-11-2020,Credgenics,Lending/Credit,New Delhi,Accel India, Breadlake Ventures,,Pre-series A,3000000,2018,
195,01-11-2020,Credgenics,Lending/Credit,Gurugram,Accel India, Breadlake Ventures,,Pre-series A,3000000,2018,
196,01-11-2020,Ensuredit,Insurance,Gurugram,Undisclosed,,,Pre-series A,300000,2019,
197,01-11-2020,NIRA,Lending/Credit,Bengaluru,Techstars Bangalore Accelerator, Techstars,,,1000000,2017,
198,01-11-2020,True Balance,Lending/Credit,Gurugram,IBK Capital, SB Partners,,,28000000,2014,
199,01-11-2020,Slice,Lending/Credit,Bengaluru,Better Capital, Gunosy,,Debt Funding,5000000,2016,
200,01-11-2020,Stride Ventures,Investments/Wealth Management,New Delhi,SIDBI Venture Capital Ltd,,,,80000000,2019,
201,01-11-2020,LivFin,Lending/Credit,New Delhi,DEG, KFW DEG,,,4700000,2017,
202,01-10-2020,FlexiLoans,Lending/Credit,Mumbai,Vikram Sud,,,Debt Funding,6000000,2016,
203,01-10-2020,Credable,Lending/Credit,Mumbai,Oaks Asset Management,,,,4500000,2017,
204,01-10-2020,Finova Capital,Lending/Credit,Jaipur,Sequoia India, Faering Capital,,,55000000,2016,
205,01-10-2020,Credgenics,Lending/Credit,Gurugram,Accel India, Sunder Nookala,,Seed,3300000,2018,
206,01-10-2020,Pocket FM,Other Specialized Fintech,Bengaluru,Times Group, Lightspeed,,Series A,5000000,2018,
207,01-10-2020,GetVantage,Lending/Credit,Mumbai,Samyakth Capital, Venture Catalysts,,Seed,5000000,2019,
208,01-10-2020,BASIC Home Loan,Lending/Credit,Gurugram,Picus Capital,,,Seed,5000000,2020,
209,01-10-2020,Signzy,Financial Infrastructure/BaaS,Bengaluru,GenNext Ventures, Contrarian Drishti Partners,,,5400000,2015,
210,01-10-2020,Cover Genius,Insurance,"Sydney, New South Wales, Australia",King River Capital, Leap Capital,,,15000000,2014,
211,01-10-2020,Clair,Lending/Credit,"New York, United States",Upfront Ventures, Walkabout Ventures,,Seed,4500000,2019,
212,01-10-2020,Razorpay,Payments/Wallets,Bengaluru,Tiger Global, Sequoia Capital India,,Series D,100000000,2014,
213,01-10-2020,Pepper Content,Other Specialized Fintech,Mumbai,Alok Mittal, Manan Maheshwari,,Series A,4200000,2017,
214,01-10-2020,Uni,Lending/Credit,Mumbai,Lightspeed India Partners, Accel India,,Seed,18500000,2020,
215,01-10-2020,Credit Wise Capital,Lending/Credit,Mumbai,Undisclosed,,,Seed,6000000,1994,
216,01-09-2020,Avanse Financial Services,Lending/Credit,Mumbai,International Finance Corporation,,,,15000000,2012,
217,01-09-2020,Smallcase,Investments/Wealth Management,Bengaluru,Sequoia India, Blume Ventures,,Series B,13400000,2015,
218,01-09-2020,Origa,Lending/Credit,Andheri,500 Startups, ah! Ventures,,Debt Funding,2000000,2013,
219,01-09-2020,Vivriti Capital,Lending/Credit,Chennai,Aspada, Creation Investments Capital Management, LLC,,1000000,2017,
220,01-09-2020,InsuranceDekho,Insurance,Ludhiana,GirnarSoft,,,,20000000,2017,
221,01-09-2020,FPL Technologies,Lending/Credit,Pune,Matrix India, Hummingbird Ventures,,Series A,10000000,2019,
222,01-09-2020,InCred,Lending/Credit,Mumbai,Pushpak Credit, Fiscal,,Debt Funding,5000000,2016,
223,01-09-2020,Ketto,Other Specialized Fintech,Mumbai, Redcliffe Capital,,,,7700000,2012,
224,01-09-2020,Suryoday,Other Specialized Fintech,Mumbai,Gaja Capital, Kotak Life, Lok Capital,,800000,2008,
225,01-09-2020,SucSEED,Investments/Wealth Management,Hyderabad,DR. Moti Vyas, Udit Goyal,,,1300000,2016,
226,01-09-2020,Aviom,Lending/Credit,New Delhi,Insitor Partners, C4D Partners,,Debt Funding,682000,2016,
227,01-09-2020,BankBazaar,Lending/Credit,Chennai,Ramesh Srinivasan, Amazon,,,9000000,2008,
228,01-09-2020,Groww,Investments/Wealth Management,Bengaluru,Y Combinator, Ribbit Capital,,Series C,30000000,2016,
229,01-09-2020,Qapita,Business Financial Tools,Singapore,Alto Partners, Mission Holdings,,Seed,1080000,2019,
230,01-09-2020,Sunday,Payments/Wallets,Bangkok,SCB 10X, LINE Ventures,,Pre-series B,9000000,2017,
231,01-04-2021,FypMoney,Payments/Wallets,Gurugram,Liberatha Kallat, Mukesh Yadav, Dinesh Nagpal,Seed,2000000,2021,
232,01-04-2021,CoinSwitch Kuber,Other Specialized Fintech,Bengaluru,Paradigm, Kunal Shah,,Series B,25000000,2017,
233,01-04-2021,Razorpay,Payments/Wallets,Bengaluru,Matrix India, GIC,,Series E,160000000,2014,
234,01-04-2021,Northern Arc,Lending/Credit,Chennai,Kotak Mahindra Bank, FMO,,,5000000,2008,
235,01-04-2021,M1xchange,Other Specialized Fintech,Gurugram,Amazon,,,,10000000,2017,
236,01-04-2021,CredFlow,Business Financial Tools,New Delhi,Stellaris Venture Partners, Omidyar Network India, Flourish Ventures,Seed,2000000,2020,
237,01-04-2021,Lendingkart,Lending/Credit,Ahmedabad,Bertelsmann India, Fullerton Financial Holdings,,Debt Funding,15000000,1999,
238,01-04-2021,CRED,Lending/Credit,Bengaluru,Dragoneer Investment Group, Tiger Global Management,,Series D,215000000,2018,
239,01-04-2021,ShopSe,Lending/Credit,Mumbai,Chiratae Ventures, BEENEXT,,,5500000,2020,
240,01-04-2021,Groww,Investments/Wealth Management,Bengaluru,Tiger Global, Y Combinator Continuity Fund,,Series D,83000000,2017,
241,01-04-2021,Avanti Finance,Lending/Credit,Bengaluru,Michael & Susan Dell Foundation,,,Series A,26000000,2016,
242,01-04-2021,OfBusiness,Lending/Credit,Gurugram,Falcon Edge India, Norwest Venture Partners,,,110000000,2015,
243,01-04-2021,Safexpay,Payments/Wallets,Thane,T Choithrams BVI, Ardor,,,6000000,2017,
244,01-08-2021,OTO Capital,Lending/Credit,Mumbai,Matrix India,,,,6000000,2018,
245,01-08-2021,Skeps,Lending/Credit,Gurugram,Bertelsmann India,,,,9500000,2018,
246,01-08-2021,Ruptok,Lending/Credit,New Delhi,Eclear Leasing,,,,1000000,2020,
247,01-08-2021,Ruptok,Lending/Credit,New Delhi,Eclear Leasing,,,,1000000,2020,
248,01-08-2021,Khatabook,Business Financial Tools,Bengaluru,Tribe Capital, Moore Strategic Ventures (MSV),,Series C,100000000,2018,
249,01-08-2021,Smallcase,Investments/Wealth Management,Bengaluru,Faering Capital,,,Series C,40000000,2015,
250,01-08-2021,SATYA MicroCapital,Lending/Credit,New Delhi,Responsibility Investment, Blue Orchard,,,10000000,2017,
251,01-08-2021,BharatPe,Payments/Wallets,New Delhi,IIFL Wealth, Asset Management, Northern Arc Capital,Debt Funding,20000000,2018,
252,01-08-2021,YPay,Payments/Wallets,Noida,We Founder Circle,,,,400000,2017,
253,01-08-2021,Klub,Lending/Credit,Bengaluru,9Unicorns, Sequoia Capital India’s Surge,,,20000000,2019,
254,01-08-2021,Credgenics,Lending/Credit,New Delhi,Westbridge Capital, Tanglin Venture Partners,,Series A,25000000,2018,
255,01-08-2021,Grip Invest,Investments/Wealth Management,Gurugram,Venture Highway, Endiya Partners,,Series A,3000000,2020,
256,01-08-2021,BharatPe,Payments/Wallets,New Delhi,Tiger Global,,,Series E,370000000,2018,
257,01-08-2021,GoSats,Other Specialized Fintech,Bengaluru,Alphabit Fund, Fulgur Ventures, Stacks Accelerator,Seed,700000,2020,
258,01-08-2021,StockGro,Investments/Wealth Management,Bengaluru,Roots Ventures, Velo Partners,,Pre-series A,5000000,2020,
259,01-08-2021,RenewBuy,Insurance,Gurugram,Evolvence Capital,,,Series C,10000000,2015,
260,01-08-2021,Jupiter,Other Specialized Fintech,Mumbai,Nubank, Global Founders Capital, Sequoia Capital India,Series B,44000000,2019,
261,01-12-2021,PayGlocal,Payments/Wallets,Bengaluru,Sequoia India,,,Series A,4900000,2021,
262,01-12-2021,LenDenClub,Lending/Credit,Mumbai,Tuscan Ventures, Ohm Stock Brokers, Artha Venture Fund,Series A,10000000,2015,
263,01-12-2021,Trinkerr,Investments/Wealth Management,Bengaluru,Accel India,,,Series A,6600000,2021,
264,01-12-2021,ASQI Advisors,Investments/Wealth Management,Mumbai,Founders Room Capital,,,Pre-series A,1000000,2019,
265,01-12-2021,Trinkerr,Investments/Wealth Management,Bengaluru,Accel India,,,,6600000,2021,
266,01-12-2021,ASQI Advisors,Investments/Wealth Management,Mumbai,Founders Room Capital,,,,1000000,2019,
267,01-12-2021,Uni Cards,Lending/Credit,Bengaluru,General Catalyst, Eight Roads Ventures, Elevation Capital,,70000000,2020,
268,01-12-2021,Juspay,Financial Infrastructure/BaaS,Bengaluru,SoftBank Vision Fund 2,,,,60000000,2012,
269,01-12-2021,Stack,Financial Infrastructure/BaaS,Bengaluru,Y Combinator, Harvard Management,,,4500000,2020,
270,01-12-2021,OfBusiness,Lending/Credit,Gurugram,Alpha Wave, Tiger Global Management, SoftBank Vision Fund II,,325000000,2015,
271,01-12-2021,SK Finance,Lending/Credit,Jaipur,IIFL Wealth, TPG Growth, Norwest Venture Partners,,53000000,1994,
272,01-12-2021,Neobank Jupiter,Other Specialized Fintech,Mumbai,Tiger Global, Sequoia Capital,,,86000000,2019,
273,01-12-2021,OneCard,Lending/Credit,Pune,Ocean View Investment, QED Fund,,,76000000,2019,
274,01-02-2021,KreditBee,Lending/Credit,Bengaluru,Premji Invest, Mirae Asset Naver Asia Growth Fund, Alpine Capital,,75000000,2018,
275,01-02-2021,Marquee Equity,Investments/Wealth Management,Mumbai,Capital One, Arrowroot Capital,,,3800000,2016,
276,01-02-2021,Zolve,Other Specialized Fintech,Bengaluru,Kunal Shah, Greg Kidd,,,15000000,2020,
277,01-02-2021,BharatPe,Payments/Wallets,New Delhi,Amplo, Insight Partners,,,100000000,2018,
278,01-02-2021,EduFund,Lending/Credit,Mumbai,View Trade Holding Corp,,,,300000,2020,
279,01-02-2021,Siply,Other Specialized Fintech,Bengaluru,Inflection Point Ventures,,,,1000000,2020,
280,01-02-2021,SarvaGram,Lending/Credit,Mumbai,Elevation Capital,,,,10000000,2019,
281,01-02-2021,Eduvanz,Lending/Credit,Mumbai,InCred Financial Services, Vivriti Capital, Northern Arc Capital,,10000000,2016,
282,01-02-2021,Progcap,Lending/Credit,New Delhi,Somak Ghosh, M V Nair,,,1000000,2017,
283,01-02-2021,SATYA MicroCapital,Lending/Credit,New Delhi,BlueOrchard Finance S A, Gojo & Company,,,20000000,2017,
284,01-02-2021,Aviom Housing Finance,Lending/Credit,New Delhi,Gojo & Company,,,,1000000,2016,
285,01-01-2021,DotPe,Payments/Wallets,Gurugram,Info Edge, Ruizheng Investment,,,8000000,2019,
286,01-01-2021,Ruptok,Lending/Credit,New Delhi,Wurk,,,,10000000,2020,
287,01-01-2021,GrowFix,Investments/Wealth Management,Bengaluru,Rainmatter, Better Capital,,,2000000,2020,
288,01-01-2021,BharatPe,Payments/Wallets,New Delhi,InnoVen Capital, Steadview Capital,,,6000000,2018,
289,01-01-2021,BharatPe,Payments/Wallets,New Delhi,InnoVen Capital, Steadview Capital,,,10000000,2018,
290,01-01-2021,Biconomy,Other Specialized Fintech,New Delhi,Binance Labs, Zee Prime Capital,,,1500000,2019,
291,01-01-2021,Siply,Other Specialized Fintech,Bengaluru,Inflection Point Ventures,,,,1000000,2020,
292,01-01-2021,SSA Finserv,Other Specialized Fintech,Mumbai,Blue Ashva Capital,,,,3000000,2019,
293,01-01-2021,Phi Commerce,Payments/Wallets,Pune,Yatra Angel Network, BEENEXT,,,4000000,2015,
294,01-01-2021,Cred,Lending/Credit,Bengaluru,DST Global, General Catalyst,,,81000000,2018,
295,01-01-2021,Zerone,Other Specialized Fintech,Gurugram,Anthill Ventures,,,,1300000,2018,
296,01-01-2021,BharatPe,Payments/Wallets,New Delhi,Steadview Capital, Insight Partners,,,8200000,2018,
297,01-01-2021,BlackSoil,Investments/Wealth Management,Mumbai,Awign Enterprises,,,,4000000,2016,
298,01-07-2021,Biconomy,Other Specialized Fintech,New Delhi,Mechanism Capital, DACM,,,9000000,2019,
299,01-07-2021,Slice,Lending/Credit,Bengaluru,Northern Arc, Niyogin Fintech Limited, Credit Saison India,,10000000,2016,
300,01-07-2021,Wasabi,Other Specialized Fintech,Bengaluru,021 Capital, Sparrow Capital,,,1800000,2021,
301,01-07-2021,Pencilton,Payments/Wallets,Hyderabad,Jupiter,,,,330000,2017,
302,01-07-2021,Credenc,Lending/Credit,New Delhi,Capital India,,,,25000000,2017,
303,01-07-2021,GalaxyCard,Lending/Credit,Gurugram,JITO Angel Network,,,,450000,2017,
304,01-07-2021,SmartCoin,Lending/Credit,Bengaluru,Northern Arc, Vivriti Capital,,,10000000,2016,
305,01-07-2021,TWID,Other Specialized Fintech,Bengaluru,BEENEXT, Sequoia’s Surge,,,2500000,2020,
306,01-06-2021,KreditBee,Lending/Credit,Bengaluru,NewQuest Capital Partners, Motilal Oswal Private Equity,,,8000000,2018,
307,01-06-2021,Capital Float,Lending/Credit,Bengaluru,Triodos Investment Management, SAIF Partners,,,6000000,2013,
308,01-06-2021,Refyne,Lending/Credit,Bengaluru,DST Global, RTP Global,,Series A,20000000,2020,
309,01-06-2021,MentorKart,Other Specialized Fintech,New Delhi,Amit Singal, Manish Aggarwal,,Seed,150000,2018,
310,01-06-2021,Chqbook,Lending/Credit,New Delhi,Aavishkaar Capital, YWC Venture Capital,,,1000000,2017,
311,01-06-2021,Junio,Payments/Wallets,New Delhi,Amit Lakhotia, Pravin Jadhav,,Seed,600000,2020,
312,01-06-2021,Flexmoney,Lending/Credit,Mumbai,Pravega Ventures,,,Series A,4800000,2015,
313,01-06-2021,Fampay,Payments/Wallets,Bengaluru,Greenoaks Capital, Elevation Capital,,Series A,38000000,2019,
314,01-06-2021,Upside AI,Investments/Wealth Management,Mumbai,Endiya Partners,,,Seed,1200000,2017,
315,01-06-2021,Bueno Finance,Lending/Credit,Gurugram,Goat Capital, JAM Fund,,Seed,3000000,2019,
316,01-06-2021,BimaPe,Insurance,Mumbai,iSeed, Titan Capital,,Pre-Seed,500000,2020,
317,01-06-2021,Slice,Lending/Credit,Bengaluru,Gunosy, Blume Ventures,,,20000000,2016,
318,01-03-2021,Velocity,Lending/Credit,Bengaluru,Valar Ventures,,,Seed,1300000,2020,
319,01-03-2021,Rupifi,Payments/Wallets,Bengaluru,Quona Capital,,,Pre-series A,4100000,2019,
320,01-03-2021,Moneyboxx,Lending/Credit,Mumbai,Ashv Finance, BlackSoil Capital,,Debt Funding,3000000,1994,
321,01-03-2021,DotPe,Payments/Wallets,Gurugram,PayU Finance India, Google,,Series A,27000000,2019,
322,01-03-2021,Five Star Finance,Lending/Credit,Chennai,TPG Capital Asia, Epiq Capital,,,234000000,1984,
323,01-03-2021,Annapurna Finance,Lending/Credit,Bhubaneswar,Asian Development Bank, Oman India Joint Investment Fund,,,30000000,2009,
324,01-03-2021,IndiaLends,Lending/Credit,New Delhi,ACPI Investments, AdvantEdge Founders,,,5100000,2014,
325,01-03-2021,KreditBee,Lending/Credit,Bengaluru,Alpine Capital, PremjiInvest,,Seed,75000000,2018,
326,01-03-2021,True Balance,Lending/Credit,Gurugram,Bon Angels Venture Partners, Daesung Private Equity,,Debt Funding,10000000,2014,
327,01-03-2021,Muvin,Payments/Wallets,Bengaluru,Nitin Gupta, Ashutosh Kumar, Ramakant Sharma,Seed,1000000,2020,
328,01-03-2021,Svasti Microfinance,Lending/Credit,Mumbai,Kayenne Ventures, Nordic Microfinance Initiative,,,4000000,2008,
329,01-03-2021,Nexprt,Other Specialized Fintech,New Delhi,Titan Capital,,,,2000000,2020,
330,01-03-2021,Ankur capital,Investments/Wealth Management,Mumbai,CDC Group, Dutch Good Growth Fund, Small Industries Development Bank of India (SIDBI),,40000000,2011,
331,01-03-2021,Indifi,Lending/Credit,Gurugram,Elevar Equity, Accel India,,Debt Funding,5000000,2015,
332,01-03-2021,Bimaplan,Insurance,Mumbai,Titan Capital, Y Combinator,,Seed,500000,2020,
333,01-03-2021,YAP,Financial Infrastructure/BaaS,Chennai,Jitendra Gupta, Better Capital,,Series B,10000000,2014,
334,01-03-2021,Leap Finance,Lending/Credit,Bengaluru,Jungle Ventures,,,Series B,17000000,2019,
335,01-03-2021,Kinara Capital,Lending/Credit,Bengaluru,GAWA Capital, Gaja Capital,,,6000000,2011,
336,01-03-2021,Northern Arc,Lending/Credit,Chennai,U.S. International Development Finance Corp, Asian Development Bank,,Debt Funding,10000000,2008,
337,01-03-2021,Blume Ventures,Investments/Wealth Management,Mumbai,Avendus,,,,40000000,2011,
338,01-03-2021,KoineArth,Other Specialized Fintech,Bengaluru,YourNest,,,Pre-series A,1800000,2018,
339,01-03-2021,Northern Arc,Lending/Credit,Chennai,Asian Development Bank, U.S. International Development Finance Corp,,Debt Funding,50000000,2008,
340,01-05-2021,BankSathi,Other Specialized Fintech,New Delhi,Dinesh Godara, Aditya Talwar,,Seed,200000,2019,
341,01-05-2021,ANSR,Other Specialized Fintech,Bengaluru,Sistema Asia Capital, Evolvence India Fund,,Series B,15000000,2008,
342,01-05-2021,Karbon Card,Lending/Credit,Bengaluru,MyAsia VC, Orios Venture Partners,,Pre-series A,1000000,2019,
343,01-05-2021,Asirvad Microfinance,Lending/Credit,Chennai,WorldBusiness Capital, Northern Arc,,,15000000,2007,
344,01-05-2021,Kodo Card,Lending/Credit,Mumbai,Brex, Y-Combinator,,Seed,8000000,2019,
345,01-05-2021,Jai Kisan,Lending/Credit,Mumbai,The Chatterjee Group, Prophetic Ventures,,Series A,30000000,2017,
346,01-05-2021,Disruptium,Other Specialized Fintech,Ahmedabad,Pravesh Mehta,,,,200000,2021,
347,01-05-2021,Pickright Technologies,Investments/Wealth Management,Bengaluru,Gaurav Gupta, Vivek Srivatsav,,,200000,2019,
348,01-05-2021,BharatPe,Payments/Wallets,New Delhi,Amplo, Insight Partners,,Debt Funding,6000000,2018,
349,01-05-2021,Haqdarshak,Other Specialized Fintech,Jaipur,Manish Subramaniam, Upaya Social Ventures,,Pre-series A,800000,2015,
350,01-05-2021,Avail Finance,Lending/Credit,Bengaluru,Alteria Capital, Matrix Partners India,,Debt Funding,3000000,2017,
351,01-05-2021,Nivesh,Investments/Wealth Management,Noida,Raghav Kapur, Indian Angel Network,,Pre-series A,1600000,2016,
352,01-05-2021,Arthya Wealth and Investments,Investments/Wealth Management,Mumbai,Rishi Kumar Bagla, Krishen Lal Khanna,,Pre-series A,1000000,2020,
353,01-11-2021,Fi,Other Specialized Fintech,Bengaluru,Capital Group, Falcon Edge,,Series B,50000000,2019,
354,01-11-2021,Kiko Live,Other Specialized Fintech,Gurugram,Dinesh Agarwal, Amarjit Batra,,Pre-series A,1000000,2020,
355,01-11-2021,Ruptok Fintech,Lending/Credit,New Delhi,Manuvel Malabar Jewellers,,,Pre-series A,2000000,2020,
356,01-11-2021,TRDR,Investments/Wealth Management,Bengaluru,Kunal Shah, Snehal Fulzele,,,150000,2020,
357,01-11-2021,Unnati,Other Specialized Fintech,Noida,Incofin, NabVentures, Orios,Series A,7000000,2019,
358,01-11-2021,Vayana Network,Lending/Credit,Pune,CDC Group, Jungle Ventures, March Capital,Series C,30000000,2017,
359,01-11-2021,Velocity,Lending/Credit,Bengaluru,Valar Ventures,,,Series A,20000000,2020,
360,01-11-2021,SalaryBox,Business Financial Tools,Gurugram,Y Combinator, AME Cloud Ventures, Gokul Rajaram,Seed,4000000,2020,
361,01-11-2021,Tickertape,Investments/Wealth Management,Bengaluru,Smallcase,,,,5000000,2019,
362,01-11-2021,Defy,Other Specialized Fintech,Bengaluru,Y Combinator, Goat VC, JAM Fund,,5500000,2021,
363,01-11-2021,True Balance,Lending/Credit,Gurugram,Northern Arc, Arthmate, Shine Star,,30000000,2014,
364,01-11-2021,Recordent,Lending/Credit,Hyderabad,Family Office of Kantamaneni, IIM Calcutta Innovation Park,,,400000,2018,
365,01-11-2021,Indifi,Lending/Credit,Gurugram,Omidyar Network, Flourish Ventures, Elevar Equity,,40000000,2015,
366,01-11-2021,Slice,Lending/Credit,Bengaluru,Tiger Global, Insight Partners,,Series B,220000000,2015,
367,01-10-2021,Rupifi,Payments/Wallets,Bengaluru,Alteria Capital,,,Debt Funding,1000000,2020,
368,01-10-2021,Progcap,Lending/Credit,New Delhi,Tiger Global,,,Series C,30000000,2016,
369,01-10-2021,Trica,Business Financial Tools,Mumbai,LetsVenture,,,Seed,3000000,2021,
370,01-10-2021,SALT,Investments/Wealth Management,Bengaluru,Prashant Pansare, Supermorpheus,,Pre-Seed,500000,2019,
371,01-10-2021,M2P Fintech,Financial Infrastructure/BaaS,Chennai,Tiger Global,,,Series C,35000000,2015,
372,01-10-2021,Open Financial Technologies,Financial Infrastructure/BaaS,Bengaluru,Temasek, Google, SBI Investment,Series C,90000000,2017,
373,01-10-2021,Niro,Financial Infrastructure/BaaS,Bengaluru,Elevar Equity,,,Seed,3500000,2021,
374,01-10-2021,Aviom India,Lending/Credit,Bhilwara,Sabre Partners,,,Series C,8000000,2016,
375,01-10-2021,CRED,Lending/Credit,Bengaluru,Tiger Global, Falcon Edge,,Series E,250000000,2018,
376,01-10-2021,CredAble,Lending/Credit,Mumbai,Plutus Wealth, Oaks Asset Management,,Series B,30000000,2017,
377,01-10-2021,MarketWolf,Investments/Wealth Management,Mumbai,Anil Thadani, Ashutosh Sinha, Roy van Leeuwen,Seed,5500000,2017,
378,01-10-2021,Revfin,Lending/Credit,New Delhi,Ruchirans Jaipuria, Rishi Kajaria,,Pre-series A,4000000,2017,
379,01-10-2021,Groww,Investments/Wealth Management,Bengaluru,Iconiq Growth,,,Series E,250000000,2016,
380,01-10-2021,BharatPe,Payments/Wallets,New Delhi,MAS Financial Services,,,,10000000,2018,
381,01-10-2021,BASIC Home Loan,Lending/Credit,Gurugram, Gruhas Proptech,,,Series A,3500000,2020,
382,01-10-2021,Siply,Other Specialized Fintech,Bengaluru,LetsVenture, AngelList India, Founder's Room Circle,Pre-series A,3200000,2020,
383,01-10-2021,BankSathi,Other Specialized Fintech,New Delhi,Dinesh Godara, Anuj Ahuja, Aditya,,500000,2020,
384,01-10-2021,Zolve,Other Specialized Fintech,Bengaluru,DST Global,,,Series A,40000000,2020,
385,01-10-2021,Avanti Finance,Lending/Credit,Bengaluru,Oikocredit, Nomura, The Bill & Melinda Gates Foundation,Series A2,15000000,2017,
386,01-09-2021,CredAvenue,Lending/Credit,Chennai,Sequoia India, Lightspeed, TVS Capital Funds,Series A,90000000,2017,
387,01-09-2021,Coinshift,Other Specialized Fintech,Chandigarh,Sequoia India, Sandeep Nailwal,,Seed,2500000,2021,
388,01-09-2021,Strip Finance,Other Specialized Fintech,Hyderabad,Old Fashion Research, Nothing Research, Tenzor capital,Seed,400000,2021,
389,01-09-2021,Chqbook,Lending/Credit,Gurugram,Aavishkaar Capital, Rajiv Dadlani Group,,Pre-series B,5000000,2017,
390,01-09-2021,Rulezero,Business Financial Tools,Bengaluru,The Treasury,,,Seed,2500000,2019,
391,01-09-2021,CredRight,Lending/Credit,Hyderabad,9Unicorns, Spearhead Capital, Venture Catalysts,,2700000,2016,
392,01-09-2021,Karbon Card,Lending/Credit,Bengaluru,Ramp, Rainfall Ventures, Roka Works,Pre-series A,12000000,2019,
393,01-09-2021,ePayLater,Lending/Credit,Mumbai,Responsibility Investment, Blue Ashva Capital, Pravega Ventures,Series B,10000000,2015,
394,01-09-2021,Akudo,Payments/Wallets,Bengaluru,Y Combinator, JAFCO Asia, Incubate Fund India,Seed,4200000,2020,
395,01-09-2021,Capital Float,Lending/Credit,Bengaluru,Lightrock India,,,,50000000,2013,
396,01-09-2021,CashBook,Business Financial Tools,Gurugram,JAM, Better Tomorrow Ventures,,Seed,2300000,2020,
397,01-09-2021,The Money Club,Other Specialized Fintech,Noida,SOSV, Venture Catalysts,,Pre-series A,1700000,2016,
398,01-09-2021,Klub,Lending/Credit,Bengaluru,Trifecta Capital,,,Debt Funding,2000000,2019,
399,01-09-2021,ZestMoney,Lending/Credit,Bengaluru,Zip Co,,,Series C,50000000,2015,
400,01-09-2021,HappyCredit,Other Specialized Fintech,Bengaluru,Kunal Shah, Krishna Kumar,,Pre-Seed,600000,2020,
401,01-09-2021,LivQuik Technology,Payments/Wallets,Mumbai,M2P Fintech,,,,4000000,2012,
402,01-09-2021,Easiloan,Lending/Credit,Mumbai,Tomorrow Capital,,,,1000000,2020,
403,01-09-2021,Paytail,Lending/Credit,New Delhi,Cholamandalam,,,Seed,1500000,2020,
404,01-09-2021,4Fin,Lending/Credit,Pune,Curesense Therapeutics,,,Pre-Seed,1100000,2021,
405,01-09-2021,Jar,Investments/Wealth Management,Bengaluru,Tribe Capital, Arkam Ventures, WEH,Pre-series A,4500000,2021,
406,01-09-2021,bitsCrunch,Other Specialized Fintech,Chennai,Covalent, Double Peak, GenBlock Capital,Seed,700000,2020,
407,01-09-2021,Neokred,Financial Infrastructure/BaaS,Bengaluru,Virenxia Group, Rajesh Jain, Nitin Agarwal,Seed,500000,2019,
408,01-09-2021,Leap Finance,Lending/Credit,Bengaluru,Owl Ventures,,,Series C,55000000,2019,
409,01-09-2021,WeRize,Other Specialized Fintech,Bengaluru,3one4 Capital, Kalaari Capital,,Series A,8000000,2019,
411,01-04-2022,Spinny,Other Specialized Fintech,Gurugram,Tiger Global,Blume Ventures,Accel India,Series E,513500000,2015,
413,01-04-2022,BharatPe,Payments/Wallets,New Delhi,Tiger Global,Sequoia India,,Series E,700500000,2018,
414,01-04-2022,Razorpay,Payments/Wallets,Bengaluru,Lightspeed India Partners,Tiger Global,,Series F,741600000,2014,
415,01-04-2022,CoinSwitch Kuber,Other Specialized Fintech,Bengaluru,Tiger Global,Sequoia India,,Series C,300600000,2017,
416,01-04-2022,Zeta,Financial Infrastructure/BaaS,"San Francisco, USA",SoftBank Vision Fund 2,Lightspeed India Partners,,,30000000,2015,
417,01-04-2022,Upstox,Investments/Wealth Management,Mumbai,Tiger Global,GVK Davix Technologies,,undisclosed,29000000,2010,
418,01-04-2022,OkCredit,Business Financial Tools,Faridabad,Google for Startups,Lightspeed India Partners,,undisclosed,84,2017,
419,01-04-2022,MobiKwik,Payments/Wallets,Gurugram,Abu Dhabi Investment Authority,Dosch,,Series G,166,2009,
420,01-04-2022,Digits,Lending/Credit,"San Francisco, USA",Benchmark,GV,,Series C,97500000,2018,
421,01-04-2022,Leaf Round,Investments/Wealth Management,Bengaluru,Super Capital,,,Pre-Seed,300000,2022,
422,01-04-2022,iTribe,Investments/Wealth Management,Bengaluru,Eximius Ventures,PlanBcapital,,undisclosed,1000000,2021,
423,01-04-2022,Stockal,Investments/Wealth Management,"New York, United States",Hashed,A'Z Angels,,Series A,14800000,2016,
424,01-02-2022,Chargebee,Business Financial Tools,Chennai,Tiger Global, Sequoia Capital,,,250000000,2011,
425,01-02-2022,Waterfield Advisors,Investments/Wealth Management,Mumbai,Jungle Ventures, Corel Traders,,Series B,6000000,2011,
426,01-02-2022,Jar,Investments/Wealth Management,Bengaluru,Tiger Global,,,Series A,32000000,2021,
427,01-02-2022,Pillow,Other Specialized Fintech,Bengaluru,Elevation Capital,,,Seed,3000000,2021,
428,01-02-2022,Dvara SmartGold,Other Specialized Fintech,Mumbai,Axilor, Dvara Holdings,,Pre-series A,2000000,2019,
429,01-02-2022,Elever,Lending/Credit,Bengaluru,Massimo Vita, Udaya Kumar,,,750000,2020,
430,01-02-2022,Hero FinCorp,Lending/Credit,New Delhi,Apollo, Hero MotoCorp,,,267000000,1991,
431,01-02-2022,Wealthy.in,Investments/Wealth Management,Bengaluru,Alpha Wave,,,Series A,7500000,2015,
432,01-02-2022,Karbon Card,Lending/Credit,Bengaluru,Olive Tree Capital, Harmony, Avenir Growth Capital,Series A,15000000,2019,
433,01-02-2022,Better Opinions,Other Specialized Fintech,Gurugram,Java Capital, Soma Capital,,Seed,1000000,2021,
434,01-02-2022,RapiPay,Payments/Wallets,New Delhi,Varun Jaipuria,,,,15000000,2021,
435,01-02-2022,Join Ventures,Other Specialized Fintech,Mumbai,DSG Consumer Partners, Rajiv Dadlani Group, 9Unicorns,Series A,1000000,2020,
436,01-02-2022,Propelld,Lending/Credit,Bengaluru,Westbridge Capital,,,Series B,35000000,2017,
437,01-02-2022,Prime Venture Partners,Investments/Wealth Management,Bengaluru,International Finance Corporation,,,,120000000,2011,
438,01-02-2022,Upswing Financial Technologies,Financial Infrastructure/BaaS,Mumbai,Kunal Shah, Rajan Bajaj,,,4000000,2021,
439,01-01-2022,Innoviti Payment Solutions,Payments/Wallets,Bengaluru,Trifecta Capital, Patni Advisors, Bessemer Venture Partners,,10000000,2002,
440,01-01-2022,CASHe,Lending/Credit,Mumbai,TSLC,,,,10000000,2016,
441,01-01-2022,LivFin,Lending/Credit,Gurugram,BlackSoil,,,,2000000,2017,
442,01-01-2022,Rupifi,Payments/Wallets,Bengaluru, Tiger Global,,,Series A,25000000,2020,
443,01-01-2022,DMI Finance,Lending/Credit,New Delhi,Sumitomo Mitsui Trust Bank,,,,47000000,2008,
444,01-01-2022,Rupeek,Lending/Credit,Bengaluru,Lightbox,,,,34000000,2015,
445,01-01-2022,Ippo Pay,Payments/Wallets,Chennai,Coinbase Ventures,,,,2000000,2020,
446,01-01-2022,Refyne,Lending/Credit,Bengaluru,Tiger Global,,,Series B,82000000,2020,
447,01-01-2022,Lendingkart,Lending/Credit,Ahmedabad,BlueOrchard Finance,,,,5900000,2014,
448,01-01-2022,Muvin,Payments/Wallets,Bengaluru,WaterBridge Ventures,,,Pre-series A,3000000,2020,
449,01-01-2022,Kaleidofin,Other Specialized Fintech,Chennai,Michael & Susan Dell Foundation,,,Series B,10000000,2017,
450,01-01-2022,INDmoney,Investments/Wealth Management,Gurugram,Steadview Capital, Tiger Global, Dragoneer Investment Group,Series D,75000000,2019,
451,01-01-2022,Scripbox,Investments/Wealth Management,Bengaluru,Accel India, Transpose Platform, the Sparkle Fund,Series D,21000000,2012,
452,01-01-2022,Threedots,Investments/Wealth Management,Bengaluru,Kalaari Capital,,,Seed,4000000,2021,
453,01-01-2022,Sahicoin,Other Specialized Fintech,Gurugram,Alameda Ventures, Better Capital Ventures,,Seed,1750000,2021,
454,01-01-2022,Finsall,Lending/Credit,Bengaluru,Unicorn India Ventures,,,Pre-series A,1000000,2019,
455,01-01-2022,Pi Ventures,Investments/Wealth Management,Bengaluru,Binny Bansal, Varun Alagh,,,40000000,2016,
456,01-01-2022,StockGro,Investments/Wealth Management,Bengaluru,BITKRAFT Ventures, General Catalyst, Itai Tsiddon,Series A,32000000,2020,
457,01-01-2022,Flint,Other Specialized Fintech,Bengaluru,Sequoia India, GFC,,Seed,5000000,2021,
458,01-01-2022,Raise Financial,Investments/Wealth Management,Mumbai,BEENEXT, Mirae Asset Ventures,,Series A,22000000,2021,
459,01-01-2022,Vyapar,Business Financial Tools,Bengaluru,Westbridge Capital,,,Series B,30000000,2017,
460,01-01-2022,Kissht,Lending/Credit,Mumbai,Trifecta Capital, Northern Arc,,,10000000,2015,
461,01-03-2022,Snapmint,Lending/Credit,Mumbai,Negen Capital, Ramakant Sharma, Usama Fayyad,Series A,9000000,2015,
462,01-03-2022,Kuhoo,Lending/Credit,Mumbai,Westbridge Capital,,,Seed,20000000,2021,
463,01-03-2022,RupeeRedee,Lending/Credit,Gurugram,Digital Finance International,,,Series B,1100000,2018,
464,01-03-2022,Pocketly,Lending/Credit,Bengaluru,Dholakia Ventures,,,Pre-series A,3000000,2019,
465,01-03-2022,Junio,Payments/Wallets,New Delhi,NB Ventures,,,Pre-series A,6000000,2020,
466,01-03-2022,CredAvenue,Lending/Credit,Chennai,Insight Partners, B Capital Group, Dragoneer Investment Group,Series B,137000000,2020,
467,01-03-2022,PensionBox,Other Specialized Fintech,Bengaluru,Kishore Ganji, Keynote India,,,160000,2021,
468,01-03-2022,Perfios,Business Financial Tools,Bengaluru,Bessemer Venture Partners, Warburg Pincus,,,68000000,2008,
469,01-03-2022,Money View,Lending/Credit,Bengaluru,Tiger Global, Winter Capital, Evolvence India,Series D,75000000,2014,
470,01-03-2022,CredoPay,Payments/Wallets,Chennai,EzSwype LLC, Zent International Limited,,Pre-series A,5000000,2014,
471,01-03-2022,Cosmofeed,Other Specialized Fintech,Gurugram,Growx ventures, Waveform Ventures,,Seed,1500000,2021,
472,01-03-2022,Oxyzo,Lending/Credit,Gurugram,Tiger Global, Alpha Wave,,Series A,200000000,2016,
473,01-03-2022,SIDBI Venture Capital,Investments/Wealth Management,Mumbai,Ubharte Sitaare Fund,,,,60000000,1999,
474,01-03-2022,Aye Finance,Lending/Credit,Gurugram,Triple Jump, Northern Arc,,,9000000,2014,
475,01-03-2022,Vivriti Capital,Lending/Credit,Chennai,Lightstone India, Creation Investments,,Series C,55000000,2017,
476,01-03-2022,CARD91,Financial Infrastructure/BaaS,Bengaluru,Infinity Ventures, Point72 Ventures, Sabre Partners,Pre-series A,13000000,2020,
477,01-03-2022,Finova Capital,Lending/Credit,Jaipur,Norwest Venture Partners, Maj Invest,,,65000000,2015,
478,01-03-2022,HealthQuad,Investments/Wealth Management,New Delhi,MSD, the global biopharmaceutical company,,,160000000,2016,
479,01-03-2022,OneCode,Other Specialized Fintech,Bengaluru,General Catalyst,,,Series A,13000000,2020,
480,01-03-2022,Kogta Financial,Lending/Credit,Jaipur,Multiples,,,Series D,111000000,1996,
481,01-05-2022,Goldenpi,Investments/Wealth Management,Bengaluru,Rainmatter,,,Seed,200000,2017,
482,01-05-2022,Multipl,Other Specialized Fintech,Bengaluru,growX ventures,IIFL Finance,,Seed,300000,2020,
483,01-05-2022,AssetPlus,Investments/Wealth Management,Chennai,Kedar Kulkarni,Nithin Kamath,,Series A,28000000,2016,
484,01-05-2022,BharatX,Financial Infrastructure/BaaS,Bengaluru,Ankur Aggarwal,Vikas Choudhury,,Seed,4800000,2019,
